Data,Ora,Data Valore,Prodotto,ISIN,Descrizione,Borsa,Variazioni,,Saldo,,ID Ordine
15-12-2025,09:30,15-12-2025,,,Degiro Cash Sweep Transfer,,EUR,"500,00",EUR,"2500,00",
15-12-2025,09:30,15-12-2025,,,Trasferisci dal tuo conto deposito presso flatexDEGIRO Bank: 500 EUR,,,,EUR,"2000,00",
14-12-2025,10:15,14-12-2025,APPLE INC,US0378331005,Dividendo,,USD,"2,40",USD,"150,00",
14-12-2025,10:15,14-12-2025,APPLE INC,US0378331005,Ritenuta sul dividendo,,USD,"-0,36",USD,"147,60",
10-12-2025,14:30,10-12-2025,MICROSOFT CORP,US5949181045,DEGIRO costi di transazione e/o di terze parti,,EUR,"-1,00",EUR,"2000,00",abc12345-1234-5678-9abc-def012345678
10-12-2025,14:30,10-12-2025,MICROSOFT CORP,US5949181045,Acquisto 2 Microsoft Corp@400 EUR (US5949181045),,EUR,"-800,00",EUR,"2001,00",abc12345-1234-5678-9abc-def012345678
05-12-2025,11:00,05-12-2025,AMAZON.COM INC,US0231351067,DEGIRO costi di transazione e/o di terze parti,,USD,"-1,50",USD,"148,00",xyz98765-9876-5432-1abc-fed987654321
05-12-2025,11:00,05-12-2025,AMAZON.COM INC,US0231351067,Acquisto 1 Amazon@180 USD (US0231351067),,USD,"-180,00",USD,"149,50",xyz98765-9876-5432-1abc-fed987654321
01-12-2025,08:00,01-12-2025,,,Deposito,,EUR,"1000,00",EUR,"2801,00",
